{
  "resourceType": "Bundle",
  "entry": [
    {
      "fullUrl": "urn:uuid:be3f7e7e-85c7-4ef7-98b0-5afce6bc6089",
      "resource": {
        "resourceType": "Organization",
        "id": "be3f7e7e-85c7-4ef7-98b0-5afce6bc6089",
        "extension": [
          {
            "url": "http://synthetichealth.github.io/synthea/utilization-encounters-extension",
            "valueInteger": 1
          },
          {
            "url": "http://synthetichealth.github.io/synthea/utilization-procedures-extension",
            "valueInteger": 0
          },
          {
            "url": "http://synthetichealth.github.io/synthea/utilization-labs-extension",
            "valueInteger": 0
          },
          {
            "url": "http://synthetichealth.github.io/synthea/utilization-prescriptions-extension",
            "valueInteger": 0
          },
          {
            "url": "http://synthetichealth.github.io/synthea/bed-count-extension",
            "valueInteger": 0
          }
        ],
        "identifier": [
          {
            "system": "https://github.com/synthetichealth/synthea",
            "value": "be3f7e7e-85c7-4ef7-98b0-5afce6bc6089"
          }
        ],
        "name": "EAST BOSTON NEIGHBORHOOD HLTH CTR",
        "address": [
          {
            "line": [
              "10 GOVE STREET"
            ],
            "city": "Boston",
            "state": "MA",
            "postalCode": "02128"
          }
        ]
      }
    },
    {
      "fullUrl": "urn:uuid:2f70927e-50cb-40a5-a3d9-fc59fe040e20",
      "resource": {
        "resourceType": "Organization",
        "id": "2f70927e-50cb-40a5-a3d9-fc59fe040e20",
        "extension": [
          {
            "url": "http://synthetichealth.github.io/synthea/utilization-encounters-extension",
            "valueInteger": 92
          },
          {
            "url": "http://synthetichealth.github.io/synthea/utilization-procedures-extension",
            "valueInteger": 15
          },
          {
            "url": "http://synthetichealth.github.io/synthea/utilization-labs-extension",
            "valueInteger": 0
          },
          {
            "url": "http://synthetichealth.github.io/synthea/utilization-prescriptions-extension",
            "valueInteger": 2
          },
          {
            "url": "http://synthetichealth.github.io/synthea/bed-count-extension",
            "valueInteger": 0
          }
        ],
        "identifier": [
          {
            "system": "https://github.com/synthetichealth/synthea",
            "value": "2f70927e-50cb-40a5-a3d9-fc59fe040e20"
          }
        ],
        "name": "MGH HEALTH CTR CHELSEA",
        "address": [
          {
            "line": [
              "100 EVERETT AVENUE 1ST FLOOR 1"
            ],
            "city": "Chelsea",
            "state": "MA",
            "postalCode": "02150"
          }
        ]
      }
    }
  ]
}
