{
  "resourceType": "Bundle",
  "entry": [
    {
      "fullUrl": "urn:uuid:74b18981-9650-4c5e-a60c-eef804605ac1",
      "resource": {
        "resourceType": "Organization",
        "id": "74b18981-9650-4c5e-a60c-eef804605ac1",
        "extension": [
          {
            "url": "http://synthetichealth.github.io/synthea/utilization-encounters-extension",
            "valueInteger": 2
          },
          {
            "url": "http://synthetichealth.github.io/synthea/utilization-procedures-extension",
            "valueInteger": 0
          },
          {
            "url": "http://synthetichealth.github.io/synthea/utilization-labs-extension",
            "valueInteger": 0
          },
          {
            "url": "http://synthetichealth.github.io/synthea/utilization-prescriptions-extension",
            "valueInteger": 0
          },
          {
            "url": "http://synthetichealth.github.io/synthea/bed-count-extension",
            "valueInteger": 122
          }
        ],
        "identifier": [
          {
            "system": "https://github.com/synthetichealth/synthea",
            "value": "74b18981-9650-4c5e-a60c-eef804605ac1"
          }
        ],
        "name": "HEALTHALLIANCE HOSP-LEOMINSTER CAMP",
        "address": [
          {
            "line": [
              "60 HOSPITAL ROAD"
            ],
            "city": "Leominster",
            "state": "MA",
            "postalCode": "01453"
          }
        ]
      }
    },
    {
      "fullUrl": "urn:uuid:de21c9d7-21e6-41b9-8b81-edba49428ace",
      "resource": {
        "resourceType": "Organization",
        "id": "de21c9d7-21e6-41b9-8b81-edba49428ace",
        "extension": [
          {
            "url": "http://synthetichealth.github.io/synthea/utilization-encounters-extension",
            "valueInteger": 103
          },
          {
            "url": "http://synthetichealth.github.io/synthea/utilization-procedures-extension",
            "valueInteger": 17
          },
          {
            "url": "http://synthetichealth.github.io/synthea/utilization-labs-extension",
            "valueInteger": 0
          },
          {
            "url": "http://synthetichealth.github.io/synthea/utilization-prescriptions-extension",
            "valueInteger": 148
          },
          {
            "url": "http://synthetichealth.github.io/synthea/bed-count-extension",
            "valueInteger": 0
          }
        ],
        "identifier": [
          {
            "system": "https://github.com/synthetichealth/synthea",
            "value": "de21c9d7-21e6-41b9-8b81-edba49428ace"
          }
        ],
        "name": "PT PLUS @ WHITNEY FIELD",
        "address": [
          {
            "line": [
              "21 CINEMA BOULEVARD"
            ],
            "city": "Leominster",
            "state": "MA",
            "postalCode": "01453"
          }
        ]
      }
    }
  ]
}
