{
  "resourceType": "Bundle",
  "entry": [
    {
      "fullUrl": "urn:uuid:66bae71a-61c6-4e32-b7ea-9f647faf8b3d",
      "resource": {
        "resourceType": "Organization",
        "id": "66bae71a-61c6-4e32-b7ea-9f647faf8b3d",
        "extension": [
          {
            "url": "http://synthetichealth.github.io/synthea/utilization-encounters-extension",
            "valueInteger": 89
          },
          {
            "url": "http://synthetichealth.github.io/synthea/utilization-procedures-extension",
            "valueInteger": 15
          },
          {
            "url": "http://synthetichealth.github.io/synthea/utilization-labs-extension",
            "valueInteger": 0
          },
          {
            "url": "http://synthetichealth.github.io/synthea/utilization-prescriptions-extension",
            "valueInteger": 5
          },
          {
            "url": "http://synthetichealth.github.io/synthea/bed-count-extension",
            "valueInteger": 220
          }
        ],
        "identifier": [
          {
            "system": "https://github.com/synthetichealth/synthea",
            "value": "66bae71a-61c6-4e32-b7ea-9f647faf8b3d"
          }
        ],
        "name": "HEBREW REHABILITATION CTR @ DEDHAM",
        "address": [
          {
            "line": [
              "7000 GREAT MEADOW ROAD"
            ],
            "city": "Dedham",
            "state": "MA",
            "postalCode": "02026"
          }
        ]
      }
    },
    {
      "fullUrl": "urn:uuid:e638ceeb-17cf-4c79-a52f-4d4004dcde68",
      "resource": {
        "resourceType": "Organization",
        "id": "e638ceeb-17cf-4c79-a52f-4d4004dcde68",
        "extension": [
          {
            "url": "http://synthetichealth.github.io/synthea/utilization-encounters-extension",
            "valueInteger": 2
          },
          {
            "url": "http://synthetichealth.github.io/synthea/utilization-procedures-extension",
            "valueInteger": 0
          },
          {
            "url": "http://synthetichealth.github.io/synthea/utilization-labs-extension",
            "valueInteger": 0
          },
          {
            "url": "http://synthetichealth.github.io/synthea/utilization-prescriptions-extension",
            "valueInteger": 0
          },
          {
            "url": "http://synthetichealth.github.io/synthea/bed-count-extension",
            "valueInteger": 58
          }
        ],
        "identifier": [
          {
            "system": "https://github.com/synthetichealth/synthea",
            "value": "e638ceeb-17cf-4c79-a52f-4d4004dcde68"
          }
        ],
        "name": "BETH ISRAEL DEACONESS HOSPITAL - NEEDHAM",
        "address": [
          {
            "line": [
              "148 CHESTNUT STREET"
            ],
            "city": "Needham",
            "state": "MA",
            "postalCode": "02192"
          }
        ]
      }
    }
  ]
}
