{
  "resourceType": "Bundle",
  "entry": [
    {
      "fullUrl": "urn:uuid:fe74693d-5f29-4f97-bd75-8737695f42e3",
      "resource": {
        "resourceType": "Organization",
        "id": "fe74693d-5f29-4f97-bd75-8737695f42e3",
        "extension": [
          {
            "url": "http://synthetichealth.github.io/synthea/utilization-encounters-extension",
            "valueInteger": 100
          },
          {
            "url": "http://synthetichealth.github.io/synthea/utilization-procedures-extension",
            "valueInteger": 21
          },
          {
            "url": "http://synthetichealth.github.io/synthea/utilization-labs-extension",
            "valueInteger": 0
          },
          {
            "url": "http://synthetichealth.github.io/synthea/utilization-prescriptions-extension",
            "valueInteger": 4
          },
          {
            "url": "http://synthetichealth.github.io/synthea/bed-count-extension",
            "valueInteger": 0
          }
        ],
        "identifier": [
          {
            "system": "https://github.com/synthetichealth/synthea",
            "value": "fe74693d-5f29-4f97-bd75-8737695f42e3"
          }
        ],
        "name": "SURGERY CTR @ DRUM HILL LOWELL GEN",
        "address": [
          {
            "line": [
              "10 RESEARCH PL STE 101"
            ],
            "city": "Chelmsford",
            "state": "MA",
            "postalCode": "01863"
          }
        ]
      }
    }
  ]
}
