{
  "resourceType": "Bundle",
  "entry": [
    {
      "fullUrl": "urn:uuid:4785f222-40f8-4fd8-add3-b88ae34aa4dc",
      "resource": {
        "resourceType": "Organization",
        "id": "4785f222-40f8-4fd8-add3-b88ae34aa4dc",
        "extension": [
          {
            "url": "http://synthetichealth.github.io/synthea/utilization-encounters-extension",
            "valueInteger": 1
          },
          {
            "url": "http://synthetichealth.github.io/synthea/utilization-procedures-extension",
            "valueInteger": 0
          },
          {
            "url": "http://synthetichealth.github.io/synthea/utilization-labs-extension",
            "valueInteger": 0
          },
          {
            "url": "http://synthetichealth.github.io/synthea/utilization-prescriptions-extension",
            "valueInteger": 0
          },
          {
            "url": "http://synthetichealth.github.io/synthea/bed-count-extension",
            "valueInteger": 40
          }
        ],
        "identifier": [
          {
            "system": "https://github.com/synthetichealth/synthea",
            "value": "4785f222-40f8-4fd8-add3-b88ae34aa4dc"
          }
        ],
        "name": "SHRINERS' HOSPITAL FOR CHILDREN (THE)",
        "address": [
          {
            "line": [
              "516 CAREW STREET"
            ],
            "city": "Springfield",
            "state": "MA",
            "postalCode": "01104"
          }
        ]
      }
    },
    {
      "fullUrl": "urn:uuid:62762e25-1de2-4828-abc4-c76d079be090",
      "resource": {
        "resourceType": "Organization",
        "id": "62762e25-1de2-4828-abc4-c76d079be090",
        "extension": [
          {
            "url": "http://synthetichealth.github.io/synthea/utilization-encounters-extension",
            "valueInteger": 55
          },
          {
            "url": "http://synthetichealth.github.io/synthea/utilization-procedures-extension",
            "valueInteger": 9
          },
          {
            "url": "http://synthetichealth.github.io/synthea/utilization-labs-extension",
            "valueInteger": 0
          },
          {
            "url": "http://synthetichealth.github.io/synthea/utilization-prescriptions-extension",
            "valueInteger": 3
          },
          {
            "url": "http://synthetichealth.github.io/synthea/bed-count-extension",
            "valueInteger": 127
          }
        ],
        "identifier": [
          {
            "system": "https://github.com/synthetichealth/synthea",
            "value": "62762e25-1de2-4828-abc4-c76d079be090"
          }
        ],
        "name": "VIBRA HOSPITAL OF WESTERN MASSACHUSETTS",
        "address": [
          {
            "line": [
              "1400 STATE STREET"
            ],
            "city": "Springfield",
            "state": "MA",
            "postalCode": "01109"
          }
        ]
      }
    }
  ]
}
