{
  "resourceType": "Bundle",
  "entry": [
    {
      "fullUrl": "urn:uuid:e691a96a-2c5d-4a4f-a4a0-9e6d9adb9d17",
      "resource": {
        "resourceType": "Organization",
        "id": "e691a96a-2c5d-4a4f-a4a0-9e6d9adb9d17",
        "extension": [
          {
            "url": "http://synthetichealth.github.io/synthea/utilization-encounters-extension",
            "valueInteger": 117
          },
          {
            "url": "http://synthetichealth.github.io/synthea/utilization-procedures-extension",
            "valueInteger": 18
          },
          {
            "url": "http://synthetichealth.github.io/synthea/utilization-labs-extension",
            "valueInteger": 0
          },
          {
            "url": "http://synthetichealth.github.io/synthea/utilization-prescriptions-extension",
            "valueInteger": 8
          },
          {
            "url": "http://synthetichealth.github.io/synthea/bed-count-extension",
            "valueInteger": 0
          }
        ],
        "identifier": [
          {
            "system": "https://github.com/synthetichealth/synthea",
            "value": "e691a96a-2c5d-4a4f-a4a0-9e6d9adb9d17"
          }
        ],
        "name": "GREATER ROSLINDALE MED & DENTAL",
        "address": [
          {
            "line": [
              "4199 WASHINGTON STREET"
            ],
            "city": "Boston",
            "state": "MA",
            "postalCode": "02131"
          }
        ]
      }
    },
    {
      "fullUrl": "urn:uuid:ad14c7d7-f905-4b16-a0b7-d936b5c6a5b9",
      "resource": {
        "resourceType": "Organization",
        "id": "ad14c7d7-f905-4b16-a0b7-d936b5c6a5b9",
        "extension": [
          {
            "url": "http://synthetichealth.github.io/synthea/utilization-encounters-extension",
            "valueInteger": 1
          },
          {
            "url": "http://synthetichealth.github.io/synthea/utilization-procedures-extension",
            "valueInteger": 0
          },
          {
            "url": "http://synthetichealth.github.io/synthea/utilization-labs-extension",
            "valueInteger": 0
          },
          {
            "url": "http://synthetichealth.github.io/synthea/utilization-prescriptions-extension",
            "valueInteger": 0
          },
          {
            "url": "http://synthetichealth.github.io/synthea/bed-count-extension",
            "valueInteger": 162
          }
        ],
        "identifier": [
          {
            "system": "https://github.com/synthetichealth/synthea",
            "value": "ad14c7d7-f905-4b16-a0b7-d936b5c6a5b9"
          }
        ],
        "name": "BRIGHAM AND WOMEN'S FAULKNER HOSPITAL",
        "address": [
          {
            "line": [
              "1153 CENTRE STREET"
            ],
            "city": "Boston",
            "state": "MA",
            "postalCode": "02130"
          }
        ]
      }
    }
  ]
}
