{
  "resourceType": "Bundle",
  "entry": [
    {
      "fullUrl": "urn:uuid:7c235576-4776-42a8-98e5-85687acef6ab",
      "resource": {
        "resourceType": "Organization",
        "id": "7c235576-4776-42a8-98e5-85687acef6ab",
        "extension": [
          {
            "url": "http://synthetichealth.github.io/synthea/utilization-encounters-extension",
            "valueInteger": 174
          },
          {
            "url": "http://synthetichealth.github.io/synthea/utilization-procedures-extension",
            "valueInteger": 23
          },
          {
            "url": "http://synthetichealth.github.io/synthea/utilization-labs-extension",
            "valueInteger": 0
          },
          {
            "url": "http://synthetichealth.github.io/synthea/utilization-prescriptions-extension",
            "valueInteger": 3
          },
          {
            "url": "http://synthetichealth.github.io/synthea/bed-count-extension",
            "valueInteger": 0
          }
        ],
        "identifier": [
          {
            "system": "https://github.com/synthetichealth/synthea",
            "value": "7c235576-4776-42a8-98e5-85687acef6ab"
          }
        ],
        "name": "SPORTS MEDICINE & REHAB SERVICES",
        "address": [
          {
            "line": [
              "77 HERRICK STREET- SUITE 202"
            ],
            "city": "Beverly",
            "state": "MA",
            "postalCode": "01915"
          }
        ]
      }
    },
    {
      "fullUrl": "urn:uuid:32d183fc-8b81-4238-9458-8583fd183935",
      "resource": {
        "resourceType": "Organization",
        "id": "32d183fc-8b81-4238-9458-8583fd183935",
        "extension": [
          {
            "url": "http://synthetichealth.github.io/synthea/utilization-encounters-extension",
            "valueInteger": 2
          },
          {
            "url": "http://synthetichealth.github.io/synthea/utilization-procedures-extension",
            "valueInteger": 0
          },
          {
            "url": "http://synthetichealth.github.io/synthea/utilization-labs-extension",
            "valueInteger": 0
          },
          {
            "url": "http://synthetichealth.github.io/synthea/utilization-prescriptions-extension",
            "valueInteger": 0
          },
          {
            "url": "http://synthetichealth.github.io/synthea/bed-count-extension",
            "valueInteger": 223
          }
        ],
        "identifier": [
          {
            "system": "https://github.com/synthetichealth/synthea",
            "value": "32d183fc-8b81-4238-9458-8583fd183935"
          }
        ],
        "name": "BEVERLY HOSP/BEVERLY CAMPUS",
        "address": [
          {
            "line": [
              "85 HERRICK STREET"
            ],
            "city": "Beverly",
            "state": "MA",
            "postalCode": "01915"
          }
        ]
      }
    }
  ]
}
