{
  "resourceType": "Bundle",
  "entry": [
    {
      "fullUrl": "urn:uuid:739f6719-ec31-41a7-b792-dbf8355edc0c",
      "resource": {
        "resourceType": "Organization",
        "id": "739f6719-ec31-41a7-b792-dbf8355edc0c",
        "extension": [
          {
            "url": "http://synthetichealth.github.io/synthea/utilization-encounters-extension",
            "valueInteger": 2
          },
          {
            "url": "http://synthetichealth.github.io/synthea/utilization-procedures-extension",
            "valueInteger": 0
          },
          {
            "url": "http://synthetichealth.github.io/synthea/utilization-labs-extension",
            "valueInteger": 0
          },
          {
            "url": "http://synthetichealth.github.io/synthea/utilization-prescriptions-extension",
            "valueInteger": 0
          },
          {
            "url": "http://synthetichealth.github.io/synthea/bed-count-extension",
            "valueInteger": 0
          }
        ],
        "identifier": [
          {
            "system": "https://github.com/synthetichealth/synthea",
            "value": "739f6719-ec31-41a7-b792-dbf8355edc0c"
          }
        ],
        "name": "EAST BOSTON NEIGHBORHOOD HLTH CTR",
        "address": [
          {
            "line": [
              "10 GOVE STREET"
            ],
            "city": "Boston",
            "state": "MA",
            "postalCode": "02128"
          }
        ]
      }
    },
    {
      "fullUrl": "urn:uuid:83bb29da-60a4-42ae-8d0e-041df8ba15c8",
      "resource": {
        "resourceType": "Organization",
        "id": "83bb29da-60a4-42ae-8d0e-041df8ba15c8",
        "extension": [
          {
            "url": "http://synthetichealth.github.io/synthea/utilization-encounters-extension",
            "valueInteger": 93
          },
          {
            "url": "http://synthetichealth.github.io/synthea/utilization-procedures-extension",
            "valueInteger": 16
          },
          {
            "url": "http://synthetichealth.github.io/synthea/utilization-labs-extension",
            "valueInteger": 0
          },
          {
            "url": "http://synthetichealth.github.io/synthea/utilization-prescriptions-extension",
            "valueInteger": 4
          },
          {
            "url": "http://synthetichealth.github.io/synthea/bed-count-extension",
            "valueInteger": 0
          }
        ],
        "identifier": [
          {
            "system": "https://github.com/synthetichealth/synthea",
            "value": "83bb29da-60a4-42ae-8d0e-041df8ba15c8"
          }
        ],
        "name": "WINTHROP COMM HEALTH CENTER",
        "address": [
          {
            "line": [
              "17 MAIN STREET, GROUND FLOOR"
            ],
            "city": "Winthrop",
            "state": "MA",
            "postalCode": "02152"
          }
        ]
      }
    }
  ]
}
