{
  "resourceType": "Bundle",
  "entry": [
    {
      "fullUrl": "urn:uuid:f9a4073b-1418-4d6b-b122-3679893f7093",
      "resource": {
        "resourceType": "Organization",
        "id": "f9a4073b-1418-4d6b-b122-3679893f7093",
        "extension": [
          {
            "url": "http://synthetichealth.github.io/synthea/utilization-encounters-extension",
            "valueInteger": 95
          },
          {
            "url": "http://synthetichealth.github.io/synthea/utilization-procedures-extension",
            "valueInteger": 14
          },
          {
            "url": "http://synthetichealth.github.io/synthea/utilization-labs-extension",
            "valueInteger": 0
          },
          {
            "url": "http://synthetichealth.github.io/synthea/utilization-prescriptions-extension",
            "valueInteger": 4
          },
          {
            "url": "http://synthetichealth.github.io/synthea/bed-count-extension",
            "valueInteger": 0
          }
        ],
        "identifier": [
          {
            "system": "https://github.com/synthetichealth/synthea",
            "value": "f9a4073b-1418-4d6b-b122-3679893f7093"
          }
        ],
        "name": "MARLBOROUGH HOSPITAL SPECIALTY CARE",
        "address": [
          {
            "line": [
              "28 NEWTON STREET 1ST & 2ND FL"
            ],
            "city": "Southborough",
            "state": "MA",
            "postalCode": "01772"
          }
        ]
      }
    },
    {
      "fullUrl": "urn:uuid:c94f572d-8719-4176-ac04-24a7cddb7b3e",
      "resource": {
        "resourceType": "Organization",
        "id": "c94f572d-8719-4176-ac04-24a7cddb7b3e",
        "extension": [
          {
            "url": "http://synthetichealth.github.io/synthea/utilization-encounters-extension",
            "valueInteger": 5
          },
          {
            "url": "http://synthetichealth.github.io/synthea/utilization-procedures-extension",
            "valueInteger": 0
          },
          {
            "url": "http://synthetichealth.github.io/synthea/utilization-labs-extension",
            "valueInteger": 0
          },
          {
            "url": "http://synthetichealth.github.io/synthea/utilization-prescriptions-extension",
            "valueInteger": 0
          },
          {
            "url": "http://synthetichealth.github.io/synthea/bed-count-extension",
            "valueInteger": 79
          }
        ],
        "identifier": [
          {
            "system": "https://github.com/synthetichealth/synthea",
            "value": "c94f572d-8719-4176-ac04-24a7cddb7b3e"
          }
        ],
        "name": "MARLBOROUGH HOSPITAL",
        "address": [
          {
            "line": [
              "157 UNION STREET"
            ],
            "city": "Marlborough",
            "state": "MA",
            "postalCode": "01752"
          }
        ]
      }
    }
  ]
}
