{
  "resourceType": "Bundle",
  "entry": [
    {
      "fullUrl": "urn:uuid:b2b12a6c-8178-4bab-99a4-bbb411828456",
      "resource": {
        "resourceType": "Organization",
        "id": "b2b12a6c-8178-4bab-99a4-bbb411828456",
        "extension": [
          {
            "url": "http://synthetichealth.github.io/synthea/utilization-encounters-extension",
            "valueInteger": 1
          },
          {
            "url": "http://synthetichealth.github.io/synthea/utilization-procedures-extension",
            "valueInteger": 0
          },
          {
            "url": "http://synthetichealth.github.io/synthea/utilization-labs-extension",
            "valueInteger": 0
          },
          {
            "url": "http://synthetichealth.github.io/synthea/utilization-prescriptions-extension",
            "valueInteger": 0
          },
          {
            "url": "http://synthetichealth.github.io/synthea/bed-count-extension",
            "valueInteger": 74
          }
        ],
        "identifier": [
          {
            "system": "https://github.com/synthetichealth/synthea",
            "value": "b2b12a6c-8178-4bab-99a4-bbb411828456"
          }
        ],
        "name": "BAYSTATE WING HOSPITAL AND MEDICAL CENTERS",
        "address": [
          {
            "line": [
              "40 WRIGHT STREET"
            ],
            "city": "Palmer",
            "state": "MA",
            "postalCode": "01069"
          }
        ]
      }
    },
    {
      "fullUrl": "urn:uuid:096d36bb-422b-4e56-9890-152e04695b45",
      "resource": {
        "resourceType": "Organization",
        "id": "096d36bb-422b-4e56-9890-152e04695b45",
        "extension": [
          {
            "url": "http://synthetichealth.github.io/synthea/utilization-encounters-extension",
            "valueInteger": 141
          },
          {
            "url": "http://synthetichealth.github.io/synthea/utilization-procedures-extension",
            "valueInteger": 45
          },
          {
            "url": "http://synthetichealth.github.io/synthea/utilization-labs-extension",
            "valueInteger": 0
          },
          {
            "url": "http://synthetichealth.github.io/synthea/utilization-prescriptions-extension",
            "valueInteger": 6
          },
          {
            "url": "http://synthetichealth.github.io/synthea/bed-count-extension",
            "valueInteger": 0
          }
        ],
        "identifier": [
          {
            "system": "https://github.com/synthetichealth/synthea",
            "value": "096d36bb-422b-4e56-9890-152e04695b45"
          }
        ],
        "name": "BAYSTATE RADIOLOGY",
        "address": [
          {
            "line": [
              "95 SARGEANT STREET"
            ],
            "city": "Belchertown",
            "state": "MA",
            "postalCode": "01007"
          }
        ]
      }
    },
    {
      "fullUrl": "urn:uuid:08d06bbb-2fd0-4134-9af8-c37e09c8905e",
      "resource": {
        "resourceType": "Organization",
        "id": "08d06bbb-2fd0-4134-9af8-c37e09c8905e",
        "extension": [
          {
            "url": "http://synthetichealth.github.io/synthea/utilization-encounters-extension",
            "valueInteger": 3
          },
          {
            "url": "http://synthetichealth.github.io/synthea/utilization-procedures-extension",
            "valueInteger": 0
          },
          {
            "url": "http://synthetichealth.github.io/synthea/utilization-labs-extension",
            "valueInteger": 0
          },
          {
            "url": "http://synthetichealth.github.io/synthea/utilization-prescriptions-extension",
            "valueInteger": 0
          },
          {
            "url": "http://synthetichealth.github.io/synthea/bed-count-extension",
            "valueInteger": 0
          }
        ],
        "identifier": [
          {
            "system": "https://github.com/synthetichealth/synthea",
            "value": "08d06bbb-2fd0-4134-9af8-c37e09c8905e"
          }
        ],
        "name": "BAYSTATE MARY LANE OUTPT CTR - SEF",
        "address": [
          {
            "line": [
              "85 SOUTH STREET"
            ],
            "city": "Ware",
            "state": "MA",
            "postalCode": "01082"
          }
        ]
      }
    }
  ]
}
