{
  "resourceType": "Bundle",
  "entry": [
    {
      "fullUrl": "urn:uuid:cdeafab9-26be-4be1-93d4-501a4fa62caa",
      "resource": {
        "resourceType": "Organization",
        "id": "cdeafab9-26be-4be1-93d4-501a4fa62caa",
        "extension": [
          {
            "url": "http://synthetichealth.github.io/synthea/utilization-encounters-extension",
            "valueInteger": 1
          },
          {
            "url": "http://synthetichealth.github.io/synthea/utilization-procedures-extension",
            "valueInteger": 0
          },
          {
            "url": "http://synthetichealth.github.io/synthea/utilization-labs-extension",
            "valueInteger": 0
          },
          {
            "url": "http://synthetichealth.github.io/synthea/utilization-prescriptions-extension",
            "valueInteger": 0
          },
          {
            "url": "http://synthetichealth.github.io/synthea/bed-count-extension",
            "valueInteger": 131
          }
        ],
        "identifier": [
          {
            "system": "https://github.com/synthetichealth/synthea",
            "value": "cdeafab9-26be-4be1-93d4-501a4fa62caa"
          }
        ],
        "name": "PROVIDENCE BEHAVIOR HLTH HOSP CAMPU",
        "address": [
          {
            "line": [
              "1233 MAIN STREET"
            ],
            "city": "Holyoke",
            "state": "MA",
            "postalCode": "01040"
          }
        ]
      }
    },
    {
      "fullUrl": "urn:uuid:5207b716-91dc-4f1c-9792-f592b83657cd",
      "resource": {
        "resourceType": "Organization",
        "id": "5207b716-91dc-4f1c-9792-f592b83657cd",
        "extension": [
          {
            "url": "http://synthetichealth.github.io/synthea/utilization-encounters-extension",
            "valueInteger": 6
          },
          {
            "url": "http://synthetichealth.github.io/synthea/utilization-procedures-extension",
            "valueInteger": 0
          },
          {
            "url": "http://synthetichealth.github.io/synthea/utilization-labs-extension",
            "valueInteger": 0
          },
          {
            "url": "http://synthetichealth.github.io/synthea/utilization-prescriptions-extension",
            "valueInteger": 0
          },
          {
            "url": "http://synthetichealth.github.io/synthea/bed-count-extension",
            "valueInteger": 198
          }
        ],
        "identifier": [
          {
            "system": "https://github.com/synthetichealth/synthea",
            "value": "5207b716-91dc-4f1c-9792-f592b83657cd"
          }
        ],
        "name": "HOLYOKE MEDICAL CENTER",
        "address": [
          {
            "line": [
              "575 BEECH STREET"
            ],
            "city": "Holyoke",
            "state": "MA",
            "postalCode": "01040"
          }
        ]
      }
    },
    {
      "fullUrl": "urn:uuid:8c415bbf-dd54-4247-9c8d-46e5b66d138f",
      "resource": {
        "resourceType": "Organization",
        "id": "8c415bbf-dd54-4247-9c8d-46e5b66d138f",
        "extension": [
          {
            "url": "http://synthetichealth.github.io/synthea/utilization-encounters-extension",
            "valueInteger": 118
          },
          {
            "url": "http://synthetichealth.github.io/synthea/utilization-procedures-extension",
            "valueInteger": 20
          },
          {
            "url": "http://synthetichealth.github.io/synthea/utilization-labs-extension",
            "valueInteger": 0
          },
          {
            "url": "http://synthetichealth.github.io/synthea/utilization-prescriptions-extension",
            "valueInteger": 11
          },
          {
            "url": "http://synthetichealth.github.io/synthea/bed-count-extension",
            "valueInteger": 0
          }
        ],
        "identifier": [
          {
            "system": "https://github.com/synthetichealth/synthea",
            "value": "8c415bbf-dd54-4247-9c8d-46e5b66d138f"
          }
        ],
        "name": "BAYSTATE MED CTR LAB @361 WHITNEY A",
        "address": [
          {
            "line": [
              "361 WHITNEY AVENUE"
            ],
            "city": "Holyoke",
            "state": "MA",
            "postalCode": "01040"
          }
        ]
      }
    }
  ]
}
