{
  "resourceType": "Bundle",
  "entry": [
    {
      "fullUrl": "urn:uuid:38adbb68-6bdf-4b4e-8c04-baf3574d3e39",
      "resource": {
        "resourceType": "Organization",
        "id": "38adbb68-6bdf-4b4e-8c04-baf3574d3e39",
        "extension": [
          {
            "url": "http://synthetichealth.github.io/synthea/utilization-encounters-extension",
            "valueInteger": 149
          },
          {
            "url": "http://synthetichealth.github.io/synthea/utilization-procedures-extension",
            "valueInteger": 26
          },
          {
            "url": "http://synthetichealth.github.io/synthea/utilization-labs-extension",
            "valueInteger": 0
          },
          {
            "url": "http://synthetichealth.github.io/synthea/utilization-prescriptions-extension",
            "valueInteger": 7
          },
          {
            "url": "http://synthetichealth.github.io/synthea/bed-count-extension",
            "valueInteger": 0
          }
        ],
        "identifier": [
          {
            "system": "https://github.com/synthetichealth/synthea",
            "value": "38adbb68-6bdf-4b4e-8c04-baf3574d3e39"
          }
        ],
        "name": "CHA EAST CAMBRIDGE CARE CENTER",
        "address": [
          {
            "line": [
              "163 GORE STREET"
            ],
            "city": "Cambridge",
            "state": "MA",
            "postalCode": "02141"
          }
        ]
      }
    },
    {
      "fullUrl": "urn:uuid:805d016b-07b5-4bdc-871d-75175b74d167",
      "resource": {
        "resourceType": "Organization",
        "id": "805d016b-07b5-4bdc-871d-75175b74d167",
        "extension": [
          {
            "url": "http://synthetichealth.github.io/synthea/utilization-encounters-extension",
            "valueInteger": 5
          },
          {
            "url": "http://synthetichealth.github.io/synthea/utilization-procedures-extension",
            "valueInteger": 0
          },
          {
            "url": "http://synthetichealth.github.io/synthea/utilization-labs-extension",
            "valueInteger": 0
          },
          {
            "url": "http://synthetichealth.github.io/synthea/utilization-prescriptions-extension",
            "valueInteger": 0
          },
          {
            "url": "http://synthetichealth.github.io/synthea/bed-count-extension",
            "valueInteger": 189
          }
        ],
        "identifier": [
          {
            "system": "https://github.com/synthetichealth/synthea",
            "value": "805d016b-07b5-4bdc-871d-75175b74d167"
          }
        ],
        "name": "CHA CAMBRIDGE HOSPITAL",
        "address": [
          {
            "line": [
              "1493 CAMBRIDGE STREET"
            ],
            "city": "Cambridge",
            "state": "MA",
            "postalCode": "02139"
          }
        ]
      }
    }
  ]
}
