{
  "resourceType": "Bundle",
  "entry": [
    {
      "fullUrl": "urn:uuid:b0f4de7b-5652-4c85-ac59-c1ef670bb1c5",
      "resource": {
        "resourceType": "Organization",
        "id": "b0f4de7b-5652-4c85-ac59-c1ef670bb1c5",
        "extension": [
          {
            "url": "http://synthetichealth.github.io/synthea/utilization-encounters-extension",
            "valueInteger": 3
          },
          {
            "url": "http://synthetichealth.github.io/synthea/utilization-procedures-extension",
            "valueInteger": 0
          },
          {
            "url": "http://synthetichealth.github.io/synthea/utilization-labs-extension",
            "valueInteger": 0
          },
          {
            "url": "http://synthetichealth.github.io/synthea/utilization-prescriptions-extension",
            "valueInteger": 0
          },
          {
            "url": "http://synthetichealth.github.io/synthea/bed-count-extension",
            "valueInteger": 229
          }
        ],
        "identifier": [
          {
            "system": "https://github.com/synthetichealth/synthea",
            "value": "b0f4de7b-5652-4c85-ac59-c1ef670bb1c5"
          }
        ],
        "name": "MERCY MEDICAL CENTER CAMPUS",
        "address": [
          {
            "line": [
              "271 CAREW STREET"
            ],
            "city": "Springfield",
            "state": "MA",
            "postalCode": "01102"
          }
        ]
      }
    },
    {
      "fullUrl": "urn:uuid:44d3b71f-506a-417e-91e1-1946527b8d71",
      "resource": {
        "resourceType": "Organization",
        "id": "44d3b71f-506a-417e-91e1-1946527b8d71",
        "extension": [
          {
            "url": "http://synthetichealth.github.io/synthea/utilization-encounters-extension",
            "valueInteger": 100
          },
          {
            "url": "http://synthetichealth.github.io/synthea/utilization-procedures-extension",
            "valueInteger": 17
          },
          {
            "url": "http://synthetichealth.github.io/synthea/utilization-labs-extension",
            "valueInteger": 0
          },
          {
            "url": "http://synthetichealth.github.io/synthea/utilization-prescriptions-extension",
            "valueInteger": 7
          },
          {
            "url": "http://synthetichealth.github.io/synthea/bed-count-extension",
            "valueInteger": 0
          }
        ],
        "identifier": [
          {
            "system": "https://github.com/synthetichealth/synthea",
            "value": "44d3b71f-506a-417e-91e1-1946527b8d71"
          }
        ],
        "name": "BAYSTATE REHAB @ EAST LONGMEADOW",
        "address": [
          {
            "line": [
              "294 NORTH MAIN ST-BSMNT 101"
            ],
            "city": "East longmeadow",
            "state": "MA",
            "postalCode": "01028"
          }
        ]
      }
    }
  ]
}
