{
  "resourceType": "Bundle",
  "entry": [
    {
      "fullUrl": "urn:uuid:60bd928c-3f19-477a-bc67-f462ff6673f9",
      "resource": {
        "resourceType": "Organization",
        "id": "60bd928c-3f19-477a-bc67-f462ff6673f9",
        "extension": [
          {
            "url": "http://synthetichealth.github.io/synthea/utilization-encounters-extension",
            "valueInteger": 69
          },
          {
            "url": "http://synthetichealth.github.io/synthea/utilization-procedures-extension",
            "valueInteger": 12
          },
          {
            "url": "http://synthetichealth.github.io/synthea/utilization-labs-extension",
            "valueInteger": 0
          },
          {
            "url": "http://synthetichealth.github.io/synthea/utilization-prescriptions-extension",
            "valueInteger": 2
          },
          {
            "url": "http://synthetichealth.github.io/synthea/bed-count-extension",
            "valueInteger": 0
          }
        ],
        "identifier": [
          {
            "system": "https://github.com/synthetichealth/synthea",
            "value": "60bd928c-3f19-477a-bc67-f462ff6673f9"
          }
        ],
        "name": "SOUTHCOAST HOSPS GRP RADIOLGY & LAB",
        "address": [
          {
            "line": [
              "827 AMERICAN LEGION HIGHWAY ST"
            ],
            "city": "Westport",
            "state": "MA",
            "postalCode": "02790"
          }
        ]
      }
    },
    {
      "fullUrl": "urn:uuid:3f5e1bce-2cac-450b-8569-b7e48015a08e",
      "resource": {
        "resourceType": "Organization",
        "id": "3f5e1bce-2cac-450b-8569-b7e48015a08e",
        "extension": [
          {
            "url": "http://synthetichealth.github.io/synthea/utilization-encounters-extension",
            "valueInteger": 2
          },
          {
            "url": "http://synthetichealth.github.io/synthea/utilization-procedures-extension",
            "valueInteger": 0
          },
          {
            "url": "http://synthetichealth.github.io/synthea/utilization-labs-extension",
            "valueInteger": 0
          },
          {
            "url": "http://synthetichealth.github.io/synthea/utilization-prescriptions-extension",
            "valueInteger": 0
          },
          {
            "url": "http://synthetichealth.github.io/synthea/bed-count-extension",
            "valueInteger": 185
          }
        ],
        "identifier": [
          {
            "system": "https://github.com/synthetichealth/synthea",
            "value": "3f5e1bce-2cac-450b-8569-b7e48015a08e"
          }
        ],
        "name": "SAINT ANNE'S HOSPITAL",
        "address": [
          {
            "line": [
              "795 MIDDLE STREET"
            ],
            "city": "Fall river",
            "state": "MA",
            "postalCode": "02721"
          }
        ]
      }
    }
  ]
}
