{
  "resourceType": "Bundle",
  "entry": [
    {
      "fullUrl": "urn:uuid:8a9d32f7-3292-48f4-b35b-fa2624f4b0c4",
      "resource": {
        "resourceType": "Organization",
        "id": "8a9d32f7-3292-48f4-b35b-fa2624f4b0c4",
        "extension": [
          {
            "url": "http://synthetichealth.github.io/synthea/utilization-encounters-extension",
            "valueInteger": 7
          },
          {
            "url": "http://synthetichealth.github.io/synthea/utilization-procedures-extension",
            "valueInteger": 0
          },
          {
            "url": "http://synthetichealth.github.io/synthea/utilization-labs-extension",
            "valueInteger": 0
          },
          {
            "url": "http://synthetichealth.github.io/synthea/utilization-prescriptions-extension",
            "valueInteger": 0
          },
          {
            "url": "http://synthetichealth.github.io/synthea/bed-count-extension",
            "valueInteger": 140
          }
        ],
        "identifier": [
          {
            "system": "https://github.com/synthetichealth/synthea",
            "value": "8a9d32f7-3292-48f4-b35b-fa2624f4b0c4"
          }
        ],
        "name": "COOLEY DICKINSON HOSPITAL INC,THE",
        "address": [
          {
            "line": [
              "30 LOCUST STREET"
            ],
            "city": "Northampton",
            "state": "MA",
            "postalCode": "01060"
          }
        ]
      }
    },
    {
      "fullUrl": "urn:uuid:da690e61-ff4d-4830-adf7-0d912b774513",
      "resource": {
        "resourceType": "Organization",
        "id": "da690e61-ff4d-4830-adf7-0d912b774513",
        "extension": [
          {
            "url": "http://synthetichealth.github.io/synthea/utilization-encounters-extension",
            "valueInteger": 139
          },
          {
            "url": "http://synthetichealth.github.io/synthea/utilization-procedures-extension",
            "valueInteger": 33
          },
          {
            "url": "http://synthetichealth.github.io/synthea/utilization-labs-extension",
            "valueInteger": 0
          },
          {
            "url": "http://synthetichealth.github.io/synthea/utilization-prescriptions-extension",
            "valueInteger": 10
          },
          {
            "url": "http://synthetichealth.github.io/synthea/bed-count-extension",
            "valueInteger": 0
          }
        ],
        "identifier": [
          {
            "system": "https://github.com/synthetichealth/synthea",
            "value": "da690e61-ff4d-4830-adf7-0d912b774513"
          }
        ],
        "name": "COOLEY DICKINSON OUTPT CTR SOUTHAMP",
        "address": [
          {
            "line": [
              "10 COLLEGE HIGHWAY"
            ],
            "city": "Southampton",
            "state": "MA",
            "postalCode": "01073"
          }
        ]
      }
    }
  ]
}
