{
  "resourceType": "Bundle",
  "entry": [
    {
      "fullUrl": "urn:uuid:4a32f537-8416-4889-bdaf-6bb0f9e7d5bf",
      "resource": {
        "resourceType": "Organization",
        "id": "4a32f537-8416-4889-bdaf-6bb0f9e7d5bf",
        "extension": [
          {
            "url": "http://synthetichealth.github.io/synthea/utilization-encounters-extension",
            "valueInteger": 7
          },
          {
            "url": "http://synthetichealth.github.io/synthea/utilization-procedures-extension",
            "valueInteger": 0
          },
          {
            "url": "http://synthetichealth.github.io/synthea/utilization-labs-extension",
            "valueInteger": 0
          },
          {
            "url": "http://synthetichealth.github.io/synthea/utilization-prescriptions-extension",
            "valueInteger": 0
          },
          {
            "url": "http://synthetichealth.github.io/synthea/bed-count-extension",
            "valueInteger": 124
          }
        ],
        "identifier": [
          {
            "system": "https://github.com/synthetichealth/synthea",
            "value": "4a32f537-8416-4889-bdaf-6bb0f9e7d5bf"
          }
        ],
        "name": "CHA SOMERVILLE HOSPITAL",
        "address": [
          {
            "line": [
              "230 HIGHLAND AVENUE"
            ],
            "city": "Somerville",
            "state": "MA",
            "postalCode": "02143"
          }
        ]
      }
    },
    {
      "fullUrl": "urn:uuid:b03dec92-b8e4-4c60-a56c-4bdd2cca26ff",
      "resource": {
        "resourceType": "Organization",
        "id": "b03dec92-b8e4-4c60-a56c-4bdd2cca26ff",
        "extension": [
          {
            "url": "http://synthetichealth.github.io/synthea/utilization-encounters-extension",
            "valueInteger": 207
          },
          {
            "url": "http://synthetichealth.github.io/synthea/utilization-procedures-extension",
            "valueInteger": 41
          },
          {
            "url": "http://synthetichealth.github.io/synthea/utilization-labs-extension",
            "valueInteger": 0
          },
          {
            "url": "http://synthetichealth.github.io/synthea/utilization-prescriptions-extension",
            "valueInteger": 11
          },
          {
            "url": "http://synthetichealth.github.io/synthea/bed-count-extension",
            "valueInteger": 0
          }
        ],
        "identifier": [
          {
            "system": "https://github.com/synthetichealth/synthea",
            "value": "b03dec92-b8e4-4c60-a56c-4bdd2cca26ff"
          }
        ],
        "name": "CHA HIGHLAND BLDG SOMERVILLE HOSP",
        "address": [
          {
            "line": [
              "236 HIGHLAND AVENUE 1ST & 2ND"
            ],
            "city": "Somerville",
            "state": "MA",
            "postalCode": "02143"
          }
        ]
      }
    }
  ]
}
