{
  "resourceType": "Bundle",
  "entry": [
    {
      "fullUrl": "urn:uuid:3c6b9a0e-785f-40bf-88ec-c6feabf1cdd3",
      "resource": {
        "resourceType": "Organization",
        "id": "3c6b9a0e-785f-40bf-88ec-c6feabf1cdd3",
        "extension": [
          {
            "url": "http://synthetichealth.github.io/synthea/utilization-encounters-extension",
            "valueInteger": 235
          },
          {
            "url": "http://synthetichealth.github.io/synthea/utilization-procedures-extension",
            "valueInteger": 81
          },
          {
            "url": "http://synthetichealth.github.io/synthea/utilization-labs-extension",
            "valueInteger": 0
          },
          {
            "url": "http://synthetichealth.github.io/synthea/utilization-prescriptions-extension",
            "valueInteger": 10
          },
          {
            "url": "http://synthetichealth.github.io/synthea/bed-count-extension",
            "valueInteger": 0
          }
        ],
        "identifier": [
          {
            "system": "https://github.com/synthetichealth/synthea",
            "value": "3c6b9a0e-785f-40bf-88ec-c6feabf1cdd3"
          }
        ],
        "name": "CANCER CENTER @ BIDMC-NEEDHAM",
        "address": [
          {
            "line": [
              "148 CHESTNUT STREET"
            ],
            "city": "Needham",
            "state": "MA",
            "postalCode": "02492"
          }
        ]
      }
    },
    {
      "fullUrl": "urn:uuid:bf1354d0-8b24-45fd-92fb-374710fcf4aa",
      "resource": {
        "resourceType": "Organization",
        "id": "bf1354d0-8b24-45fd-92fb-374710fcf4aa",
        "extension": [
          {
            "url": "http://synthetichealth.github.io/synthea/utilization-encounters-extension",
            "valueInteger": 11
          },
          {
            "url": "http://synthetichealth.github.io/synthea/utilization-procedures-extension",
            "valueInteger": 0
          },
          {
            "url": "http://synthetichealth.github.io/synthea/utilization-labs-extension",
            "valueInteger": 0
          },
          {
            "url": "http://synthetichealth.github.io/synthea/utilization-prescriptions-extension",
            "valueInteger": 0
          },
          {
            "url": "http://synthetichealth.github.io/synthea/bed-count-extension",
            "valueInteger": 58
          }
        ],
        "identifier": [
          {
            "system": "https://github.com/synthetichealth/synthea",
            "value": "bf1354d0-8b24-45fd-92fb-374710fcf4aa"
          }
        ],
        "name": "BETH ISRAEL DEACONESS HOSPITAL - NEEDHAM",
        "address": [
          {
            "line": [
              "148 CHESTNUT STREET"
            ],
            "city": "Needham",
            "state": "MA",
            "postalCode": "02192"
          }
        ]
      }
    }
  ]
}
