{
  "resourceType": "Bundle",
  "entry": [
    {
      "fullUrl": "urn:uuid:2d143eeb-4859-4ec5-bbcf-ae16be8a133e",
      "resource": {
        "resourceType": "Organization",
        "id": "2d143eeb-4859-4ec5-bbcf-ae16be8a133e",
        "extension": [
          {
            "url": "http://synthetichealth.github.io/synthea/utilization-encounters-extension",
            "valueInteger": 3
          },
          {
            "url": "http://synthetichealth.github.io/synthea/utilization-procedures-extension",
            "valueInteger": 0
          },
          {
            "url": "http://synthetichealth.github.io/synthea/utilization-labs-extension",
            "valueInteger": 0
          },
          {
            "url": "http://synthetichealth.github.io/synthea/utilization-prescriptions-extension",
            "valueInteger": 0
          },
          {
            "url": "http://synthetichealth.github.io/synthea/bed-count-extension",
            "valueInteger": 283
          }
        ],
        "identifier": [
          {
            "system": "https://github.com/synthetichealth/synthea",
            "value": "2d143eeb-4859-4ec5-bbcf-ae16be8a133e"
          }
        ],
        "name": "ST VINCENT HOSPITAL",
        "address": [
          {
            "line": [
              "123 SUMMER STREET"
            ],
            "city": "Worcester",
            "state": "MA",
            "postalCode": "01608"
          }
        ]
      }
    },
    {
      "fullUrl": "urn:uuid:41c23dd2-e96c-46fc-9365-2d6b821743a4",
      "resource": {
        "resourceType": "Organization",
        "id": "41c23dd2-e96c-46fc-9365-2d6b821743a4",
        "extension": [
          {
            "url": "http://synthetichealth.github.io/synthea/utilization-encounters-extension",
            "valueInteger": 73
          },
          {
            "url": "http://synthetichealth.github.io/synthea/utilization-procedures-extension",
            "valueInteger": 17
          },
          {
            "url": "http://synthetichealth.github.io/synthea/utilization-labs-extension",
            "valueInteger": 0
          },
          {
            "url": "http://synthetichealth.github.io/synthea/utilization-prescriptions-extension",
            "valueInteger": 3
          },
          {
            "url": "http://synthetichealth.github.io/synthea/bed-count-extension",
            "valueInteger": 0
          }
        ],
        "identifier": [
          {
            "system": "https://github.com/synthetichealth/synthea",
            "value": "41c23dd2-e96c-46fc-9365-2d6b821743a4"
          }
        ],
        "name": "ST VINCENT HOSPITAL WOMEN'S CENTER",
        "address": [
          {
            "line": [
              "237 MILLBURY STREET"
            ],
            "city": "Worcester",
            "state": "MA",
            "postalCode": "01610"
          }
        ]
      }
    }
  ]
}
