{
  "resourceType": "Bundle",
  "entry": [
    {
      "fullUrl": "urn:uuid:e5364a20-a6c3-4c41-aa52-f97d3f2a0405",
      "resource": {
        "resourceType": "Organization",
        "id": "e5364a20-a6c3-4c41-aa52-f97d3f2a0405",
        "extension": [
          {
            "url": "http://synthetichealth.github.io/synthea/utilization-encounters-extension",
            "valueInteger": 79
          },
          {
            "url": "http://synthetichealth.github.io/synthea/utilization-procedures-extension",
            "valueInteger": 11
          },
          {
            "url": "http://synthetichealth.github.io/synthea/utilization-labs-extension",
            "valueInteger": 0
          },
          {
            "url": "http://synthetichealth.github.io/synthea/utilization-prescriptions-extension",
            "valueInteger": 4
          },
          {
            "url": "http://synthetichealth.github.io/synthea/bed-count-extension",
            "valueInteger": 0
          }
        ],
        "identifier": [
          {
            "system": "https://github.com/synthetichealth/synthea",
            "value": "e5364a20-a6c3-4c41-aa52-f97d3f2a0405"
          }
        ],
        "name": "TUFTS NORFOLK IMAGING",
        "address": [
          {
            "line": [
              "31 PINE STREET"
            ],
            "city": "Norfolk",
            "state": "MA",
            "postalCode": "02056"
          }
        ]
      }
    },
    {
      "fullUrl": "urn:uuid:ee3e61bc-9910-4ce4-99fa-6b9a9994f62e",
      "resource": {
        "resourceType": "Organization",
        "id": "ee3e61bc-9910-4ce4-99fa-6b9a9994f62e",
        "extension": [
          {
            "url": "http://synthetichealth.github.io/synthea/utilization-encounters-extension",
            "valueInteger": 1
          },
          {
            "url": "http://synthetichealth.github.io/synthea/utilization-procedures-extension",
            "valueInteger": 0
          },
          {
            "url": "http://synthetichealth.github.io/synthea/utilization-labs-extension",
            "valueInteger": 0
          },
          {
            "url": "http://synthetichealth.github.io/synthea/utilization-prescriptions-extension",
            "valueInteger": 0
          },
          {
            "url": "http://synthetichealth.github.io/synthea/bed-count-extension",
            "valueInteger": 215
          }
        ],
        "identifier": [
          {
            "system": "https://github.com/synthetichealth/synthea",
            "value": "ee3e61bc-9910-4ce4-99fa-6b9a9994f62e"
          }
        ],
        "name": "NORWOOD HOSPITAL",
        "address": [
          {
            "line": [
              "800 WASHINGTON STREET"
            ],
            "city": "Norwood",
            "state": "MA",
            "postalCode": "02062"
          }
        ]
      }
    }
  ]
}
