{
  "resourceType": "Bundle",
  "entry": [
    {
      "fullUrl": "urn:uuid:36b5f630-503a-49bf-be7a-5874200a5664",
      "resource": {
        "resourceType": "Organization",
        "id": "36b5f630-503a-49bf-be7a-5874200a5664",
        "extension": [
          {
            "url": "http://synthetichealth.github.io/synthea/utilization-encounters-extension",
            "valueInteger": 158
          },
          {
            "url": "http://synthetichealth.github.io/synthea/utilization-procedures-extension",
            "valueInteger": 34
          },
          {
            "url": "http://synthetichealth.github.io/synthea/utilization-labs-extension",
            "valueInteger": 0
          },
          {
            "url": "http://synthetichealth.github.io/synthea/utilization-prescriptions-extension",
            "valueInteger": 39
          },
          {
            "url": "http://synthetichealth.github.io/synthea/bed-count-extension",
            "valueInteger": 0
          }
        ],
        "identifier": [
          {
            "system": "https://github.com/synthetichealth/synthea",
            "value": "36b5f630-503a-49bf-be7a-5874200a5664"
          }
        ],
        "name": "ANNA JAQUES HOSPITAL AQUATIC REHABI",
        "address": [
          {
            "line": [
              "13 MARKET STREET"
            ],
            "city": "Newburyport",
            "state": "MA",
            "postalCode": "01950"
          }
        ]
      }
    },
    {
      "fullUrl": "urn:uuid:b01c8246-68c2-46dd-9e83-ffa8d4721cb1",
      "resource": {
        "resourceType": "Organization",
        "id": "b01c8246-68c2-46dd-9e83-ffa8d4721cb1",
        "extension": [
          {
            "url": "http://synthetichealth.github.io/synthea/utilization-encounters-extension",
            "valueInteger": 2
          },
          {
            "url": "http://synthetichealth.github.io/synthea/utilization-procedures-extension",
            "valueInteger": 0
          },
          {
            "url": "http://synthetichealth.github.io/synthea/utilization-labs-extension",
            "valueInteger": 0
          },
          {
            "url": "http://synthetichealth.github.io/synthea/utilization-prescriptions-extension",
            "valueInteger": 0
          },
          {
            "url": "http://synthetichealth.github.io/synthea/bed-count-extension",
            "valueInteger": 111
          }
        ],
        "identifier": [
          {
            "system": "https://github.com/synthetichealth/synthea",
            "value": "b01c8246-68c2-46dd-9e83-ffa8d4721cb1"
          }
        ],
        "name": "﻿ANNA JAQUES HOSPITAL",
        "address": [
          {
            "line": [
              "25 HIGHLAND AVENUE"
            ],
            "city": "Newburyport",
            "state": "MA",
            "postalCode": "01950"
          }
        ]
      }
    }
  ]
}
