{
  "run-parameters": {
    "chw.tobacco_screening": "true",
    "generate.demographics.socioeconomic.score.low": "0.0",
    "generate.chw.emergency": "0.25",
    "generate.demographics.socioeconomic.weights.income": "0.2",
    "lifecycle.blood_pressure.chw_delta": "0.1",
    "lifecycle.obesity_screening.chw_delta": "0.1",
    "chw.osteoporosis_screening": "true",
    "lifecycle.quit_smoking.smoking_duration_factor_per_year": "1.0",
    "lifecycle.adult_max_weight_age": "49",
    "lifecycle.quit_smoking.timestep_delta": "-0.01",
    "generate.timestep": "604800000",
    "generate.demographics.real_world_population": "6794422",
    "generate.insurance.mandate.year": "2006",
    "chw.preeclampsia_screening": "true",
    "generate.insurance.private.minimum_income": "24000",
    "chw.vitamin_d_injury_screening": "true",
    "chw.obesity_screening": "true",
    "lifecycle.quit_smoking.baseline": "0.01",
    "lifecycle.adult_weight_gain.max": "2.0",
    "exporter.fhir.export": "true",
    "chw.diet_physical_activity": "true",
    "lifecycle.quit_alcoholism.timestep_delta": "-0.001",
    "lifecycle.quit_alcoholism.baseline": "0.001",
    "exporter.subfolders_by_id_substring": "false",
    "generate.database_type": "in-memory",
    "lifecycle.aherence.chw_delta": "0.025",
    "chw.lung_cancer_screening": "true",
    "chw.exercise_pt_injury_screening": "true",
    "generate.chw.year_introduced": "2000",
    "generate.chw.cost": "10",
    "lifecycle.geriatric_weight_loss.min": "1.0",
    "exporter.hospital.fhir.export": "true",
    "generate.demographics.socioeconomic.income.high": "75000",
    "exporter.ccda.export": "false",
    "exporter.zippedOutputLocation": "./output.zip",
    "lifecycle.aherence.baseline": "0.05",
    "generate.demographics.socioeconomic.weights.education": "0.7",
    "generate.chw.budget": "0",
    "lifecycle.quit_alcoholism.chw_delta": "0.003",
    "chw.statin_medication": "true",
    "chw.diabetes_screening": "true",
    "chw.blood_pressure_screening": "true",
    "generate.demographics.socioeconomic.score.high": "0.66",
    "chw.alcohol_screening": "true",
    "chw.colorectal_cancer_screening": "true",
    "exporter.use_uuid_filenames": "false",
    "generate.log_patients.detail": "simple",
    "generate.demographics.socioeconomic.income.poverty": "11000",
    "generate.chw.community": "0.50",
    "lifecycle.geriatric_weight_loss_age": "60",
    "exporter.cost_access_outcomes_report": "true",
    "lifecycle.quit_alcoholism.alcoholism_duration_factor_per_year": "1.0",
    "lifecycle.statin_medication.chw_delta": "0.1",
    "chw.preeclampsia_aspirin": "true",
    "generate.demographics.socioeconomic.weights.occupation": "0.1",
    "lifecycle.adult_weight_gain.min": "1.0",
    "lifecycle.diet_physical_activity.chw_delta": "0.1",
    "lifecycle.aspirin_medication.chw_delta": "0.1",
    "chw.aspirin_medication": "true",
    "exporter.baseDirectory": "./output/",
    "lifecycle.quit_smoking.chw_delta": "0.03",
    "generate.insurance.mandate.occupation": "0.2",
    "generate.default_population": "1",
    "generate.demographics.default_file": "/geography/towns.json",
    "generate.chw.postdischarge": "0.25",
    "lifecycle.geriatric_weight_loss.max": "2.0",
    "generate.demographics.socioeconomic.score.middle": "0.25"
  },
  "quality_of_life": {
    "first_year": 1994,
    "minimums": [
      1.0,
      1.0,
      0.9837764148355241,
      1.0,
      0.9915228735873641,
      0.9898190830854753,
      0.9882619390571649,
      0.9868425608449973,
      0.9855525387583819,
      0.9843839107935521,
      0.9833291404550937,
      0.9823810956284285,
      0.9815330284549375,
      0.9807785561635757,
      0.9801116428149119,
      0.9795265819155123,
      0.979017979862479,
      0.9785807401797753,
      0.9491567798559571,
      0.9484365027571684,
      0.9478508804245552,
      0.9699374059904926,
      0.9697407570270052,
      0.9696057497745663
    ],
    "maximums": [
      1.0,
      1.0,
      0.9837764148355241,
      1.0,
      0.9915228735873641,
      0.9898190830854753,
      0.9882619390571649,
      0.9868425608449973,
      0.9855525387583819,
      0.9843839107935521,
      0.9833291404550937,
      0.9823810956284285,
      0.9815330284549375,
      0.9807785561635757,
      0.9801116428149119,
      0.9795265819155123,
      0.979017979862479,
      0.9785807401797753,
      0.9491567798559571,
      0.9484365027571684,
      0.9478508804245552,
      0.9699374059904926,
      0.9697407570270052,
      0.9696057497745663
    ],
    "averages": [
      1.0,
      1.0,
      0.9837764148355241,
      1.0,
      0.9915228735873641,
      0.9898190830854753,
      0.9882619390571649,
      0.9868425608449973,
      0.9855525387583819,
      0.9843839107935521,
      0.9833291404550937,
      0.9823810956284285,
      0.9815330284549375,
      0.9807785561635757,
      0.9801116428149119,
      0.9795265819155123,
      0.979017979862479,
      0.9785807401797753,
      0.9491567798559571,
      0.9484365027571684,
      0.9478508804245552,
      0.9699374059904926,
      0.9697407570270052,
      0.9696057497745663
    ],
    "stddevs": [
      0.0,
      0.0,
      0.0,
      0.0,
      0.0,
      0.0,
      0.0,
      0.0,
      0.0,
      0.0,
      0.0,
      0.0,
      0.0,
      0.0,
      0.0,
      0.0,
      0.0,
      0.0,
      0.0,
      0.0,
      0.0,
      0.0,
      0.0,
      0.0
    ],
    "counts": [
      1,
      1,
      1,
      1,
      1,
      1,
      1,
      1,
      1,
      1,
      1,
      1,
      1,
      1,
      1,
      1,
      1,
      1,
      1,
      1,
      1,
      1,
      1,
      1
    ]
  },
  "access": {
    "encounters": {
      "first_year": 1900,
      "postdischarge": [
        0,
        0,
        0,
        0,
        0,
        0,
        0,
        0,
        0,
        0,
        0,
        0,
        0,
        0,
        0,
        0,
        0,
        0,
        0,
        0,
        0,
        0,
        0,
        0,
        0,
        0,
        0,
        0,
        0,
        0,
        0,
        0,
        0,
        0,
        0,
        0,
        0,
        0,
        0,
        0,
        0,
        0,
        0,
        0,
        0,
        0,
        0,
        0,
        0,
        0,
        0,
        0,
        0,
        0,
        0,
        0,
        0,
        0,
        0,
        0,
        0,
        0,
        0,
        0,
        0,
        0,
        0,
        0,
        0,
        0,
        0,
        0,
        0,
        0,
        0,
        0,
        0,
        0,
        0,
        0,
        0,
        0,
        0,
        0,
        0,
        0,
        0,
        0,
        0,
        0,
        0,
        0,
        0,
        0,
        0,
        0,
        0,
        0,
        0,
        0,
        0,
        0,
        0,
        0,
        0,
        0,
        0,
        0,
        0,
        0,
        0,
        0,
        0,
        0,
        0,
        0,
        0,
        0
      ],
      "community": [
        0,
        0,
        0,
        0,
        0,
        0,
        0,
        0,
        0,
        0,
        0,
        0,
        0,
        0,
        0,
        0,
        0,
        0,
        0,
        0,
        0,
        0,
        0,
        0,
        0,
        0,
        0,
        0,
        0,
        0,
        0,
        0,
        0,
        0,
        0,
        0,
        0,
        0,
        0,
        0,
        0,
        0,
        0,
        0,
        0,
        0,
        0,
        0,
        0,
        0,
        0,
        0,
        0,
        0,
        0,
        0,
        0,
        0,
        0,
        0,
        0,
        0,
        0,
        0,
        0,
        0,
        0,
        0,
        0,
        0,
        0,
        0,
        0,
        0,
        0,
        0,
        0,
        0,
        0,
        0,
        0,
        0,
        0,
        0,
        0,
        0,
        0,
        0,
        0,
        0,
        0,
        0,
        0,
        0,
        0,
        0,
        0,
        0,
        0,
        0,
        0,
        0,
        0,
        0,
        0,
        0,
        0,
        0,
        0,
        0,
        0,
        0,
        0,
        0,
        0,
        0,
        0,
        0
      ],
      "ambulatory": [
        0,
        0,
        0,
        0,
        0,
        0,
        0,
        0,
        0,
        0,
        0,
        0,
        0,
        0,
        0,
        0,
        0,
        0,
        0,
        0,
        0,
        0,
        0,
        0,
        0,
        0,
        0,
        0,
        0,
        0,
        0,
        0,
        0,
        0,
        0,
        0,
        0,
        0,
        0,
        0,
        0,
        0,
        0,
        0,
        0,
        0,
        0,
        0,
        0,
        0,
        0,
        0,
        0,
        0,
        0,
        0,
        0,
        0,
        0,
        0,
        0,
        0,
        0,
        0,
        0,
        0,
        0,
        0,
        0,
        0,
        0,
        0,
        0,
        0,
        0,
        0,
        0,
        0,
        0,
        0,
        0,
        0,
        0,
        0,
        0,
        0,
        0,
        0,
        0,
        0,
        0,
        0,
        0,
        0,
        1,
        3,
        4,
        0,
        0,
        1,
        0,
        1,
        1,
        1,
        0,
        1,
        0,
        2,
        1,
        0,
        1,
        0,
        1,
        5,
        1,
        0,
        1,
        1
      ],
      "outpatient": [
        0,
        0,
        0,
        0,
        0,
        0,
        0,
        0,
        0,
        0,
        0,
        0,
        0,
        0,
        0,
        0,
        0,
        0,
        0,
        0,
        0,
        0,
        0,
        0,
        0,
        0,
        0,
        0,
        0,
        0,
        0,
        0,
        0,
        0,
        0,
        0,
        0,
        0,
        0,
        0,
        0,
        0,
        0,
        0,
        0,
        0,
        0,
        0,
        0,
        0,
        0,
        0,
        0,
        0,
        0,
        0,
        0,
        0,
        0,
        0,
        0,
        0,
        0,
        0,
        0,
        0,
        0,
        0,
        0,
        0,
        0,
        0,
        0,
        0,
        0,
        0,
        0,
        0,
        0,
        0,
        0,
        0,
        0,
        0,
        0,
        0,
        0,
        0,
        0,
        0,
        0,
        0,
        0,
        0,
        0,
        0,
        0,
        0,
        0,
        0,
        0,
        0,
        0,
        0,
        0,
        0,
        0,
        0,
        1,
        0,
        1,
        0,
        1,
        1,
        0,
        0,
        0,
        0
      ],
      "inpatient": [
        0,
        0,
        0,
        0,
        0,
        0,
        0,
        0,
        0,
        0,
        0,
        0,
        0,
        0,
        0,
        0,
        0,
        0,
        0,
        0,
        0,
        0,
        0,
        0,
        0,
        0,
        0,
        0,
        0,
        0,
        0,
        0,
        0,
        0,
        0,
        0,
        0,
        0,
        0,
        0,
        0,
        0,
        0,
        0,
        0,
        0,
        0,
        0,
        0,
        0,
        0,
        0,
        0,
        0,
        0,
        0,
        0,
        0,
        0,
        0,
        0,
        0,
        0,
        0,
        0,
        0,
        0,
        0,
        0,
        0,
        0,
        0,
        0,
        0,
        0,
        0,
        0,
        0,
        0,
        0,
        0,
        0,
        0,
        0,
        0,
        0,
        0,
        0,
        0,
        0,
        0,
        0,
        0,
        0,
        0,
        0,
        0,
        0,
        0,
        0,
        0,
        0,
        0,
        0,
        0,
        0,
        0,
        0,
        0,
        0,
        1,
        0,
        0,
        0,
        0,
        0,
        0,
        0
      ],
      "all-encounters": [
        0,
        0,
        0,
        0,
        0,
        0,
        0,
        0,
        0,
        0,
        0,
        0,
        0,
        0,
        0,
        0,
        0,
        0,
        0,
        0,
        0,
        0,
        0,
        0,
        0,
        0,
        0,
        0,
        0,
        0,
        0,
        0,
        0,
        0,
        0,
        0,
        0,
        0,
        0,
        0,
        0,
        0,
        0,
        0,
        0,
        0,
        0,
        0,
        0,
        0,
        0,
        0,
        0,
        0,
        0,
        0,
        0,
        0,
        0,
        0,
        0,
        0,
        0,
        0,
        0,
        0,
        0,
        0,
        0,
        0,
        0,
        0,
        0,
        0,
        0,
        0,
        0,
        0,
        0,
        0,
        0,
        0,
        0,
        0,
        0,
        0,
        0,
        0,
        0,
        0,
        0,
        0,
        0,
        0,
        16,
        13,
        12,
        6,
        3,
        4,
        3,
        5,
        4,
        4,
        3,
        4,
        3,
        5,
        6,
        3,
        6,
        3,
        5,
        10,
        2,
        0,
        4,
        1
      ],
      "emergency": [
        0,
        0,
        0,
        0,
        0,
        0,
        0,
        0,
        0,
        0,
        0,
        0,
        0,
        0,
        0,
        0,
        0,
        0,
        0,
        0,
        0,
        0,
        0,
        0,
        0,
        0,
        0,
        0,
        0,
        0,
        0,
        0,
        0,
        0,
        0,
        0,
        0,
        0,
        0,
        0,
        0,
        0,
        0,
        0,
        0,
        0,
        0,
        0,
        0,
        0,
        0,
        0,
        0,
        0,
        0,
        0,
        0,
        0,
        0,
        0,
        0,
        0,
        0,
        0,
        0,
        0,
        0,
        0,
        0,
        0,
        0,
        0,
        0,
        0,
        0,
        0,
        0,
        0,
        0,
        0,
        0,
        0,
        0,
        0,
        0,
        0,
        0,
        0,
        0,
        0,
        0,
        0,
        0,
        0,
        0,
        1,
        2,
        0,
        0,
        0,
        0,
        1,
        0,
        0,
        0,
        0,
        0,
        0,
        1,
        0,
        0,
        0,
        0,
        0,
        1,
        0,
        0,
        0
      ],
      "wellness": [
        0,
        0,
        0,
        0,
        0,
        0,
        0,
        0,
        0,
        0,
        0,
        0,
        0,
        0,
        0,
        0,
        0,
        0,
        0,
        0,
        0,
        0,
        0,
        0,
        0,
        0,
        0,
        0,
        0,
        0,
        0,
        0,
        0,
        0,
        0,
        0,
        0,
        0,
        0,
        0,
        0,
        0,
        0,
        0,
        0,
        0,
        0,
        0,
        0,
        0,
        0,
        0,
        0,
        0,
        0,
        0,
        0,
        0,
        0,
        0,
        0,
        0,
        0,
        0,
        0,
        0,
        0,
        0,
        0,
        0,
        0,
        0,
        0,
        0,
        0,
        0,
        0,
        0,
        0,
        0,
        0,
        0,
        0,
        0,
        0,
        0,
        0,
        0,
        0,
        0,
        0,
        0,
        0,
        0,
        15,
        9,
        6,
        6,
        3,
        3,
        3,
        3,
        3,
        3,
        3,
        3,
        3,
        3,
        3,
        3,
        3,
        3,
        3,
        4,
        0,
        0,
        3,
        0
      ]
    }
  },
  "costs": {
    "first_year": 1994,
    "WELLNESS": [
      3473.90,
      1799.45,
      1674.45,
      1674.45,
      1549.45,
      125.0,
      125.0,
      125.0,
      125.0,
      1549.45,
      125.0,
      1549.45,
      1549.45,
      125.0,
      125.0,
      125.0,
      1549.45,
      125.0,
      125.0,
      1549.45,
      0,
      0,
      125.0,
      0
    ],
    "ambulatory": [
      125.0,
      885.66,
      1010.00,
      0,
      0,
      125.0,
      0,
      125.0,
      125.0,
      125.0,
      0,
      125.0,
      0,
      250.66,
      125.0,
      0,
      380.0,
      0,
      125.0,
      2049.45,
      125.0,
      0,
      380.0,
      125.0
    ],
    "emergency": [
      0,
      1804.45,
      1674.45,
      0,
      0,
      0,
      0,
      125.0,
      0,
      0,
      0,
      0,
      0,
      0,
      125.0,
      0,
      0,
      0,
      0,
      0,
      2973.90,
      0,
      0,
      0
    ],
    "outpatient": [
      0,
      0,
      0,
      0,
      0,
      0,
      0,
      0,
      0,
      0,
      0,
      0,
      0,
      0,
      380.0,
      0,
      380.0,
      0,
      380.0,
      1549.45,
      0,
      0,
      0,
      0
    ],
    "inpatient": [
      0,
      0,
      0,
      0,
      0,
      0,
      0,
      0,
      0,
      0,
      0,
      0,
      0,
      0,
      0,
      0,
      330.0,
      0,
      0,
      0,
      0,
      0,
      0,
      0
    ]
  }
}