{
  "run-parameters": {
    "chw.tobacco_screening": "true",
    "generate.demographics.socioeconomic.score.low": "0.0",
    "generate.chw.emergency": "0.25",
    "generate.demographics.socioeconomic.weights.income": "0.2",
    "lifecycle.blood_pressure.chw_delta": "0.1",
    "lifecycle.obesity_screening.chw_delta": "0.1",
    "chw.osteoporosis_screening": "true",
    "lifecycle.quit_smoking.smoking_duration_factor_per_year": "1.0",
    "lifecycle.adult_max_weight_age": "49",
    "lifecycle.quit_smoking.timestep_delta": "-0.01",
    "generate.timestep": "604800000",
    "generate.demographics.real_world_population": "6794422",
    "generate.insurance.mandate.year": "2006",
    "chw.preeclampsia_screening": "true",
    "generate.insurance.private.minimum_income": "24000",
    "chw.vitamin_d_injury_screening": "true",
    "chw.obesity_screening": "true",
    "lifecycle.quit_smoking.baseline": "0.01",
    "lifecycle.adult_weight_gain.max": "2.0",
    "exporter.fhir.export": "true",
    "chw.diet_physical_activity": "true",
    "lifecycle.quit_alcoholism.timestep_delta": "-0.001",
    "lifecycle.quit_alcoholism.baseline": "0.001",
    "exporter.subfolders_by_id_substring": "false",
    "generate.database_type": "in-memory",
    "lifecycle.aherence.chw_delta": "0.025",
    "chw.lung_cancer_screening": "true",
    "chw.exercise_pt_injury_screening": "true",
    "generate.chw.year_introduced": "2000",
    "generate.chw.cost": "10",
    "lifecycle.geriatric_weight_loss.min": "1.0",
    "exporter.hospital.fhir.export": "true",
    "generate.demographics.socioeconomic.income.high": "75000",
    "exporter.ccda.export": "false",
    "lifecycle.aherence.baseline": "0.05",
    "generate.demographics.socioeconomic.weights.education": "0.7",
    "generate.chw.budget": "0",
    "lifecycle.quit_alcoholism.chw_delta": "0.003",
    "chw.statin_medication": "true",
    "chw.diabetes_screening": "true",
    "chw.blood_pressure_screening": "true",
    "generate.demographics.socioeconomic.score.high": "0.66",
    "chw.alcohol_screening": "true",
    "chw.colorectal_cancer_screening": "true",
    "exporter.use_uuid_filenames": "false",
    "generate.log_patients.detail": "simple",
    "generate.demographics.socioeconomic.income.poverty": "11000",
    "generate.chw.community": "0.50",
    "lifecycle.geriatric_weight_loss_age": "60",
    "exporter.cost_access_outcomes_report": "true",
    "lifecycle.quit_alcoholism.alcoholism_duration_factor_per_year": "1.0",
    "lifecycle.statin_medication.chw_delta": "0.1",
    "chw.preeclampsia_aspirin": "true",
    "generate.demographics.socioeconomic.weights.occupation": "0.1",
    "lifecycle.adult_weight_gain.min": "1.0",
    "lifecycle.diet_physical_activity.chw_delta": "0.1",
    "lifecycle.aspirin_medication.chw_delta": "0.1",
    "chw.aspirin_medication": "true",
    "exporter.baseDirectory": "./output/",
    "lifecycle.quit_smoking.chw_delta": "0.03",
    "generate.insurance.mandate.occupation": "0.2",
    "generate.default_population": "1",
    "generate.demographics.default_file": "/geography/towns.json",
    "generate.chw.postdischarge": "0.25",
    "lifecycle.geriatric_weight_loss.max": "2.0",
    "generate.demographics.socioeconomic.score.middle": "0.25"
  },
  "quality_of_life": {
    "first_year": 0,
    "minimums": [],
    "maximums": [],
    "averages": [],
    "stddevs": [],
    "counts": []
  },
  "access": {
    "encounters": {
      "first_year": 1900,
      "postdischarge": [
        0,
        0,
        0,
        0,
        0,
        0,
        0,
        0,
        0,
        0,
        0,
        0,
        0,
        0,
        0,
        0,
        0,
        0,
        0,
        0,
        0,
        0,
        0,
        0,
        0,
        0,
        0,
        0,
        0,
        0,
        0,
        0,
        0,
        0,
        0,
        0,
        0,
        0,
        0,
        0,
        0,
        0,
        0,
        0,
        0,
        0,
        0,
        0,
        0,
        0,
        0,
        0,
        0,
        0,
        0,
        0,
        0,
        0,
        0,
        0,
        0,
        0,
        0,
        0,
        0,
        0,
        0,
        0,
        0,
        0,
        0,
        0,
        0,
        0,
        0,
        0,
        0,
        0,
        0,
        0,
        0,
        0,
        0,
        0,
        0,
        0,
        0,
        0,
        0,
        0,
        0,
        0,
        0,
        0,
        0,
        0,
        0,
        0,
        0,
        0,
        0,
        0,
        0,
        0,
        0,
        0,
        0,
        0,
        0,
        0,
        0,
        0,
        0,
        0,
        0,
        0,
        0,
        0
      ],
      "community": [
        0,
        0,
        0,
        0,
        0,
        0,
        0,
        0,
        0,
        0,
        0,
        0,
        0,
        0,
        0,
        0,
        0,
        0,
        0,
        0,
        0,
        0,
        0,
        0,
        0,
        0,
        0,
        0,
        0,
        0,
        0,
        0,
        0,
        0,
        0,
        0,
        0,
        0,
        0,
        0,
        0,
        0,
        0,
        0,
        0,
        0,
        0,
        0,
        0,
        0,
        0,
        0,
        0,
        0,
        0,
        0,
        0,
        0,
        0,
        0,
        0,
        0,
        0,
        0,
        0,
        0,
        0,
        0,
        0,
        0,
        0,
        0,
        0,
        0,
        0,
        0,
        0,
        0,
        0,
        0,
        0,
        0,
        0,
        0,
        0,
        0,
        0,
        0,
        0,
        0,
        0,
        0,
        0,
        0,
        0,
        0,
        0,
        0,
        0,
        0,
        0,
        0,
        0,
        0,
        0,
        0,
        0,
        0,
        0,
        0,
        0,
        0,
        0,
        0,
        0,
        0,
        0,
        0
      ],
      "ambulatory": [
        0,
        0,
        0,
        0,
        0,
        0,
        0,
        0,
        0,
        0,
        0,
        0,
        0,
        0,
        0,
        0,
        0,
        0,
        0,
        0,
        0,
        0,
        0,
        0,
        0,
        0,
        0,
        0,
        0,
        0,
        0,
        0,
        0,
        0,
        0,
        0,
        0,
        0,
        0,
        0,
        0,
        0,
        0,
        0,
        0,
        0,
        0,
        0,
        0,
        0,
        0,
        0,
        0,
        0,
        0,
        0,
        0,
        0,
        0,
        0,
        0,
        0,
        0,
        0,
        0,
        0,
        0,
        0,
        0,
        0,
        0,
        0,
        0,
        0,
        0,
        0,
        0,
        0,
        0,
        0,
        0,
        0,
        0,
        0,
        0,
        0,
        0,
        0,
        0,
        0,
        0,
        0,
        2,
        0,
        0,
        0,
        0,
        2,
        0,
        0,
        1,
        0,
        1,
        0,
        1,
        0,
        0,
        0,
        0,
        0,
        0,
        0,
        0,
        0,
        2,
        0,
        2,
        0
      ],
      "outpatient": [
        0,
        0,
        0,
        0,
        0,
        0,
        0,
        0,
        0,
        0,
        0,
        0,
        0,
        0,
        0,
        0,
        0,
        0,
        0,
        0,
        0,
        0,
        0,
        0,
        0,
        0,
        0,
        0,
        0,
        0,
        0,
        0,
        0,
        0,
        0,
        0,
        0,
        0,
        0,
        0,
        0,
        0,
        0,
        0,
        0,
        0,
        0,
        0,
        0,
        0,
        0,
        0,
        0,
        0,
        0,
        0,
        0,
        0,
        0,
        0,
        0,
        0,
        0,
        0,
        0,
        0,
        0,
        0,
        0,
        0,
        0,
        0,
        0,
        0,
        0,
        0,
        0,
        0,
        0,
        0,
        0,
        0,
        0,
        0,
        0,
        0,
        0,
        0,
        0,
        0,
        0,
        0,
        0,
        0,
        0,
        0,
        0,
        0,
        0,
        0,
        0,
        0,
        0,
        0,
        0,
        0,
        0,
        0,
        1,
        0,
        0,
        0,
        0,
        0,
        0,
        0,
        0,
        1
      ],
      "inpatient": [
        0,
        0,
        0,
        0,
        0,
        0,
        0,
        0,
        0,
        0,
        0,
        0,
        0,
        0,
        0,
        0,
        0,
        0,
        0,
        0,
        0,
        0,
        0,
        0,
        0,
        0,
        0,
        0,
        0,
        0,
        0,
        0,
        0,
        0,
        0,
        0,
        0,
        0,
        0,
        0,
        0,
        0,
        0,
        0,
        0,
        0,
        0,
        0,
        0,
        0,
        0,
        0,
        0,
        0,
        0,
        0,
        0,
        0,
        0,
        0,
        0,
        0,
        0,
        0,
        0,
        0,
        0,
        0,
        0,
        0,
        0,
        0,
        0,
        0,
        0,
        0,
        0,
        0,
        0,
        0,
        0,
        0,
        0,
        0,
        0,
        0,
        0,
        0,
        0,
        0,
        0,
        0,
        0,
        0,
        0,
        0,
        0,
        0,
        0,
        0,
        0,
        0,
        0,
        0,
        0,
        0,
        0,
        0,
        0,
        0,
        0,
        0,
        0,
        0,
        0,
        0,
        0,
        0
      ],
      "all-encounters": [
        0,
        0,
        0,
        0,
        0,
        0,
        0,
        0,
        0,
        0,
        0,
        0,
        0,
        0,
        0,
        0,
        0,
        0,
        0,
        0,
        0,
        0,
        0,
        0,
        0,
        0,
        0,
        0,
        0,
        0,
        0,
        0,
        0,
        0,
        0,
        0,
        0,
        0,
        0,
        0,
        0,
        0,
        0,
        0,
        0,
        0,
        0,
        0,
        0,
        0,
        0,
        0,
        0,
        0,
        0,
        0,
        0,
        0,
        0,
        0,
        0,
        0,
        0,
        0,
        0,
        0,
        0,
        0,
        0,
        0,
        0,
        0,
        0,
        0,
        0,
        0,
        0,
        0,
        0,
        0,
        0,
        0,
        0,
        0,
        0,
        0,
        0,
        0,
        0,
        6,
        15,
        6,
        9,
        6,
        3,
        3,
        3,
        5,
        3,
        3,
        4,
        3,
        4,
        3,
        4,
        3,
        3,
        3,
        4,
        0,
        0,
        3,
        0,
        0,
        6,
        0,
        2,
        1
      ],
      "emergency": [
        0,
        0,
        0,
        0,
        0,
        0,
        0,
        0,
        0,
        0,
        0,
        0,
        0,
        0,
        0,
        0,
        0,
        0,
        0,
        0,
        0,
        0,
        0,
        0,
        0,
        0,
        0,
        0,
        0,
        0,
        0,
        0,
        0,
        0,
        0,
        0,
        0,
        0,
        0,
        0,
        0,
        0,
        0,
        0,
        0,
        0,
        0,
        0,
        0,
        0,
        0,
        0,
        0,
        0,
        0,
        0,
        0,
        0,
        0,
        0,
        0,
        0,
        0,
        0,
        0,
        0,
        0,
        0,
        0,
        0,
        0,
        0,
        0,
        0,
        0,
        0,
        0,
        0,
        0,
        0,
        0,
        0,
        0,
        0,
        0,
        0,
        0,
        0,
        0,
        0,
        0,
        0,
        1,
        0,
        0,
        0,
        0,
        0,
        0,
        0,
        0,
        0,
        0,
        0,
        0,
        0,
        0,
        0,
        0,
        0,
        0,
        0,
        0,
        0,
        1,
        0,
        0,
        0
      ],
      "wellness": [
        0,
        0,
        0,
        0,
        0,
        0,
        0,
        0,
        0,
        0,
        0,
        0,
        0,
        0,
        0,
        0,
        0,
        0,
        0,
        0,
        0,
        0,
        0,
        0,
        0,
        0,
        0,
        0,
        0,
        0,
        0,
        0,
        0,
        0,
        0,
        0,
        0,
        0,
        0,
        0,
        0,
        0,
        0,
        0,
        0,
        0,
        0,
        0,
        0,
        0,
        0,
        0,
        0,
        0,
        0,
        0,
        0,
        0,
        0,
        0,
        0,
        0,
        0,
        0,
        0,
        0,
        0,
        0,
        0,
        0,
        0,
        0,
        0,
        0,
        0,
        0,
        0,
        0,
        0,
        0,
        0,
        0,
        0,
        0,
        0,
        0,
        0,
        0,
        0,
        6,
        15,
        6,
        6,
        6,
        3,
        3,
        3,
        3,
        3,
        3,
        3,
        3,
        3,
        3,
        3,
        3,
        3,
        3,
        3,
        0,
        0,
        3,
        0,
        0,
        3,
        0,
        0,
        0
      ]
    }
  },
  "costs": {
    "first_year": 0
  }
}